,count
COM,28
HELP,27
BIT,26
MAILCHIMP,16
SEND,15
REQUEST,14
SENDGRID,13
MIND,11
DETAILS,11
DE,10
SUBMITT,10
EMAILS,10
VIA,10
MANDRILLAPP,10
TRANSACTIONAL,9
S,9
US,8
TEMPLATE,8
ISSUES,8
OUT,8
ESHUYS,7
LOOK,7
INTEGRATION,7
USE,7
JOB,7
SERVICE,7
NEWSLETTERS,7
IMPLEMENTATION,7
STRATEGY,7
DESIGN,7
FREELANCE,6
UP,6
SEE,6
API,6
BLOG,6
ACCOUNT,6
GOO,5
0,5
WORDPRESS,5
DETAIL,5
JOBS,4
BOUNCE,4
PRIC,4
SUBMIT,4
ET,4
DRUPAL,4
CLIENT,4
WEBHOOKS,4
SEEMS,4
MAY,4
HAD,4
COM/,4
SUPPORT,4
WOULD,4
JSFIDDLE,4
MANDRILL,3
MAIL,3
UBUNTU,3
QUE,3
Y,3
SERVER,3
INTEGRATE,3
SINUE,3
LINUX,3
WANT,3
CAMJ59,3
TOO,3
TEAM,3
NEEDED,3
ADDITIONAL,3
GLAD,3
WE'VE,3
MODULES,3
WELL,3
WWW,3
LONGREPLY,3
MAILCHIMP'S,3
PAS,3
EDOCR,3
PRODUCT,3
SMTP,3
INTERSPIRE,3
PROCESS,3
SERVICES,3
DEVONGOVETT,3
NEED,3
HTML,3
ES,3
ANY,3
PARA,3
APP,3
WAS,3
ANYONE,3
PYTHON,3
JAVASCRIPT,3
PHP,3
PLATFORM,3
PAGE,3
VERY,3
WEEK,3
1,3
STORE,2
SENT,2
CURRENTLY,2
GRID,2
FREE,2
ECOMMERCE,2
LAST,2
KATE281,2
MESSAGE,2
NE,2
ILS,2
SANU1255,2
LA,2
ELADLOUNI,2
ERROR,2
E-MAILS,2
ETC,2
YEP,2
CHER,2
SPAM,2
FIND,2
WORTH,2
P√Ö,2
WORK,2
EN,2
WCMELB,2
QUESTION,2
UN,2
LEV,2
[BLOG],2
053,2
WE'D,2
PLONE,2
UNRAVELED,2
/,2
GENERAL,2
APPS,2
UPDATES,2
EECMS,2
GITHUB,2
CLI,2
ONE-TO-ONE,2
LIBRARY,2
SWITCH,2
EEPURL,2
CHECK,2
TINYLETTER,2
PUSH,2
GO,2
SENGRID,2
NOW,2
OFFICIAL,2
INFO,2
SEVERAL,2
REASONS,2
WE'LL,2
MARKET,2
OUTBOUD,2
JQUERY,2
RT,2
SET,2
AWE,2
TRY,2
CHRISLEMA,2
+,2
NATHANSMITH,2
NULLMAILER,2
BIEN,2
|,2
GL/BYWBF,2
BEST,2
LINE,2
ALREADY,2
J,2
SORRY,1
CONSIDERABLY,1
COM/FABIANCZ/MANDRILL-NETTE/COMMIT/D3EB22C0CA99651A7ABFC380D7B47253BBB4832E,1
VOLUME,1
–í–û–¢,1
–°–ï–†–í–ò–°,1
AALBERTSON,1
MAILJET,1
DZONE,1
PRODUCTION,1
BYLO,1
TIMETOMOVEON,1
COM/DWQF,1
JO,1
TAK,1
TRAPNY,1
BUFF,1
SYSTEM,1
ENAKAN,1
EQUIVALENTE,1
LINK,1
EL,1
LY/XRAHYS,1
184,1
COM/FRIDAY-NOTES-2013-03-08,1
EVERYTH,1
GUYS,1
BUAT,1
TSYPIN,1
HOMEPAGE,1
JDU,1
ATAU,1
GOES,1
COM/FORUMS/20689696-SMTP-INTEGRATION,1
MANOJRANAWEERA,1
BULK,1
INCREAS,1
DEV,1
MIGRATE,1
SPAT,1
RADSI,1
TRASKJD,1
JUANPABLOAJ,1
KHIGER,1
NET/MANDRILL/K8EBE/3/,1
WELCOME,1
PASSWORD,1
TINY,1
RESETS,1
CHEETAH,1
PAYMENT,1
HEADS,1
NOTIFICATIONS,1
LY/1035KIO,1
AWESOME,1
ZAPIER,1
PSA,1
SHOULD,1
QUICK,1
COM/BROADER-TEMPLATES-QUOTA-CONTROL,1
PRIORITIZATION,1
MAKES,1
EASY,1
CHANGES,1
QUOTA,1
OPTIONS,1
NOTES,1
RELEASE,1
WEEK'S,1
LIGHTWEIGHT,1
SEND/RECEIVE,1
CHANGE,1
HUMMINGBIRDS,1
LY/ZAWI4I,1
ORG/PACKAGE/MANDRILL-API,1
NPMJS,1
19,1
LY/XW8EZX,1
TIPS,1
IS,1
MANAGE,1
MANDRILL-API,1
WARMUP,1
TELL,1
CLIENTS,1
TALK,1
BEWARE,1
MAILGUN/MANDRILL,1
INLINE,1
DOC,1
LEVELOS,1
HEAR,1
LIVE,1
LY/XY4VJW,1
EXAMPLES,1
UNIFY,1
DATA,1
LY/10WBVDY,1
INCLUD,1
WISEST,1
MAILCHIP,1
DUMPED,1
KNOW,1
MUCH,1
NET/MANDRILL/GAWTW/4/,1
TREIZE2,1
GIVE,1
LY/125H1BH,1
MARCELOSOMERS,1
FWIW,1
POSTMARK,1
ENGINEHOST,1
FAVOR,1
HIGHLY,1
RECOMMENDED,1
NATHANBOWSER,1
LY/ZJHOK7,1
KENNYFRASER,1
CLEANED,1
DELISTED,1
AREA,1
ITS,1
SOLUTION,1
PORTION,1
MAIS,1
IDEM,1
PERMETTENT,1
G√âRER,1
DES,1
LISTES,1
CONTACT,1
PAR,1
EXEMPLE,1
LJHARB,1
LOOKED,1
YEAR,1
CONFUS,1
STRAIGHTENED,1
EXCELLENTLY,1
ARRAYS,1
SEEM,1
IP,1
SHARE,1
EST,1
NI,1
MEEIW,1
HENRIK,1
MNORDIN,1
H√ÖLLER,1
SJ√ÑLV,1
MED,1
F√ñR,1
HAR,1
TITTAT,1
ALTERNATIVES,1
COM/ACEOFSPADES/SENDGRID_POSTBACK,1
VEROAPP,1
CHANCE,1
LL,1
ADD,1
VERO,1
NICE,1
REUBENPRESSMAN,1
LY/M0JIC,1
ADF,1
COM/NEW-SIMPLER-PRIC,1
HOORAY,1
INTE,1
LY/YH6XHT,1
REVIEW,1
APPLICATION,1
DEVELOPERS,1
VS,1
LY/ZMRCSZ,1
ADRIENNELEIGH,1
SWITCHED,1
OVER,1
LET'S,1
IMPROVE,1
SPEED,1
WHICH,1
SIMPLIFIED,1
REDUCED,1
EVERYONE,1
MOINS,1
OUI,1
MAS,1
LINODE,1
SETTINGS,1
EVERNOTE,1
COM/SHARD/S9/SH/F6377F27-AA93-48F4-A9DC-4B10ADFDF43F/DEC196D3E531C3DFFF1CEAED8A21452C/RES/BC74B49C-E724-4B29-ABFB-CB82032732C0/SKITCH,1
PNG,1
MOVE,1
TDP,1
EITHER,1
DIGITALOCEAN,1
PROVISION,1
COM/P/X-M_WCXTA7/,1
SUNZI,1
TRIED,1
JUNGLE,1
RAFIKI,1
üåø,1
DISNEY'S,1
ANIMAL,1
KINGDOM,1
THESE,1
PRO,1
MAMP,1
DEVELOP,1
TU,1
DICES,1
URL,1
MANDE,1
LAS,1
APERTURAS,1
CLICK,1
POSTFIX,1
LY/11HMDZZ,1
PROGRESS,1
SORT,1
NET/MANDRILL/GAWTW/2/,1
THINK,1
ARRAY,1
MIGHT,1
AVOID,1
DEVS,1
INSTAGRAM,1
KENNYDUDE,1
DRUPALPLANET,1
PERFORMANCE,1
COUPLE,1
ESCORT,1
POSTAGEAPP,1
FIXES,1
3RD-PARTY,1
DEVOT-EE,1
COM/ADD-ONS/ESCORT,1
MEASUR,1
GL/QAGX2,1
YEAH,1
PARSE,1
PARTNERS,1
BR,1
POWER,1
PARSE-POWERED,1
LY/UNTJ4N,1
T,1
LY/148JF4M,1
RELEASED,1
CORRECT,1
THINGS,1
BLUEHAYES,1
√ì,1
SUGGESTIONS,1
COWORKER,1
ENTRUST,1
HANDL,1
POKEMON,1
HOLY,1
SHIT,1
LY/10JZWTC,1
DEVELOPER,1
BULLHORN,1
EXPERIENCE,1
ELANCE,1
BUILT,1
LIST,1
LY/XG24EK,1
LY/ZTBPWT,1
REFRESH,1
LIGHT,1
HIWAY,1
REDHEN,1
TESTAR,1
O,1
COM/ENTRIES/21738467-USING-MANDRILL-S-SMTP-INTEGRATION-WITH-WEB-FRAMEWORKS,1
L'EMAIL,1
TRANSACTIONNEL,1
FACILE,1
AVEC,1
SOUS,1
CANNIBALISER,1
LY/Z5E5WA,1
TEMPLATES,1
LY/ZTADZB,1
PRETTY,1
CHEAP,1
RAISON,1
=,1
VOU,1
SISTEMA,1
UM,1
AUTOM√ÅTICO,1
P/EMAILS,1
TRANSACCIONALES,1
P/MKT,1
ADMON,1
LISTAS,1
DIST,1
TAL,1
MALDITO,1
GMAIL,1
FICA,1
PEDINDO,1
LOGIN,1
PELA,1
WEB,1
CAPTCHA,1
VEULENT,1
KANONBULLE,1
MMM,1
$0,1
LY/123HNFE,1
FREELANCER,1
PROJECT,1
PPL,1
THERE'S,1
12K,1
EMAILS/MO,1
CC,1
DELIVER,1
MYSHOGGOTH,1
FOUND,1
KNOWLEDGE,1
BASE,1
ARTICLE,1
INBOUND,1
USEFUL,1
COM/XTHGX,1
MARKS,1
GREEN,1
SEA,1
HOTMAIL,1
DOMAIN,1
W/,1
SAV,1
DOMAINS,1
GETT,1
BLOCKED,1
HARD,1
DEBUG,1
CRASH,1
DISHES,1
BUILD,1
STATUS,1
STAND,1
AMONG,1
SON,1
FRANKIOH,1
ABHIJEETMK,1
ENVIO,1
SWAPP,1
S≈åSH,1
DONE,1
WORDS,1
WARN,1
√ìTIMA,1
FERRAMENTA,1
AUTOM√ÅTICOS,1
PROBABLY,1
EM,1
SISTEMAS,1
CONFIRMA√á√ÉO,1
ESQUECI,1
SENHA,1
NOTIFICA√á√ïES,1
RODBEGBIE,1
INTO,1
ENQUIRING,1
CRASHES,1
EVEN,1
FIASCO,1
DAY,1
MAKE,1
INAPPROPRIATE,1
SEXUAL,1
JOKE,1
COMPET,1
CALLED,1
‚ÄúMANDRILL‚Äù,1
29,1
LY/161VNVJ,1
‚Äì,1
CLEMA,1
CC/ZET0L3,1
CANNOT,1
D,1
SUCCESS,1
INVESTIGATE,1
SIMPLE,1
MAILCHIMP/MANDRILL,1
USERS,1
SM/R0JHW,1
SM/EEBZ1,1
DEPENDE,1
LO,1
NECESITES,1
ESTA,1
POSTMAN,1
ERICCANDINO,1
UNFORTUNATELY,1
SALE,1
DROP,1
MATTWDELONG,1
USERNAME,1
WORKFLOW,1
OTHER,1
REACH,1
MATT_PICKETT,1
LY/160NKQ3,1
LOST,1
EASILY,1
INCREASES,1
SCALABILITY,1
LY/14MYVUH,1
THEN,1
DECREASES,1
LY/13UJA7S,1
SELFINDUCEDCANNIBALIZATION,1
REALISED,1
5,1
SECONDS,1
AFTER,1
HITT,1
22,1
WORKS,1
BIASED,1
RECOMMENDATION++,1
OWNER,1
SITE,1
SPOTLESS,1
PRICING,1
DZUELKE,1
OPTION,1
ONLY,1
AVAILABLE,1
AR,1
VARIUXDAVID,1
COM/R/5C31A7D7,1
NPM,1
MODULE,1
WHAT'S,1
PREFERRED,1
WAY,1
DOCUMENT,1
IMPRESSED,1
TAKE,1
HAVE,1
ROSSDEANE,1
SAME,1
LOGO,1
FREEDOMWALKER77,1
THATMARVIN,1
CUSTOM,1
ALGORITHM,1
INLIN,1
CSS,1
SPECIFICALLY,1
HOWTO,1
ACCESS,1
WEBSITE,1
OW,1
LY/JJADG,1
WP_MAIL,1
BUGS,1
POSSIBLY,1
COM/ENTRIES/22092308-WHAT-IS-THE-FORMAT-OF-INBOUND-EMAIL-WEBHOOKS,1
GOOGLE,1
4,1
GD/NOBIJE,1
RAILS,1
INTERNET-MARKET,1
H,1
LY/ZTBPTB,1
VALIDATIONERROR,1
ENGINE'S,1
DEPENDS,1
URLFETCH,1
PYQ,1
IO/SO/16260022,1
ANKESHK,1
+1,1
TXN,1
SAMPAD,1
MANDRILL-RAILS,1
USED,1
METHOD,1
AUTH,1
EXACTLY,1
TAH-DAH,1
NET/MANDRILL/WLTNS/5/,1
WANTED,1
STAGE,1
TOMORROW,1
AUTOPLAY,1
GUILLAUMEPOTIER,1
SANJUBHAMBHANI,1
INFORMATION,1
DESIGNER,1
GL/FB/6GXM3,1
BIGGOLDR,1
OCCUR,1
UNSUPPORTED,1
MP/10TOHXG,1
MP/10TOHXC,1
WEBPLATFORM,1
BUDDYPRESS,1
ROCK,1
COM/UNIFYING-MANDRILL-AND-MAILCHIMP-DATA/,1
JEREMYWEIR,1
BACK,1
IDEAS,1
BRAINSTORM,1
INTEGRATED,1
JOSSCROWCROFT,1
CONCERN,1
TROUBLESHOOT,1
GIDOGEEK,1
IDEA,1
PLANS,1
POSTED,1
EVERY,1
FRIDAY,1
READY,1
COMPETITOR,1
SES,1
AMAZON,1
JOBS4U,1
CUSTOMER-SUPPORT,1
GEEK,1
LY/18D2END,1
ATL,1
ATLANTA,1
GA,1
ICNTMX,1
ELIE__,1
SANS,1
PARLER,1
D'AMAZON,1
PSYCHED,1
DROPPED,1
PRICES,1
REEVESMAN,1
E-MAIL,1
DESIGNED,1
LY/10COUON,1
MICHAELMIOR,1
SYNC,1
UNSUBSCRIBED,1
ADDRESSES,1
BOTH,1
COM/R/1445D273,1
WESBOS,1
I'VE,1
NOTICED,1
LACK,1
ATTENTION,1
SECONDARY,1
PROPERTIES,1
E,1
WHOM,1
GL/FB/XOPPN,1
CO,1
CUSTOMIZED,1
STARTED,1
LIK,1
COM/R/8C906B44,1
CEMSISMAN,1
VARY,1
REALLY,1
LOW,1
VOLUMES,1
OFFER,1
FLO_RIAN,1
OVERALL,1
TRIGGERED,1
NEW,1
AFFAIR,1
TRANSACTION,1
CRITSEND,1
COM/ODBF5,1
